spectral_centroid_mean,spectral_centroid_var,spectral_bandwidth_mean,spectral_bandwidth_var,rolloff_mean,rolloff_var,zero_crossing_rate_mean,zero_crossing_rate_var,tempo,mfcc1_mean,mfcc1_var,mfcc2_mean,mfcc2_var,mfcc3_mean,mfcc3_var,mfcc4_mean,mfcc4_var,mfcc5_mean,mfcc5_var,mfcc6_mean,mfcc6_var,mfcc7_mean,mfcc7_var,mfcc8_mean,mfcc8_var,mfcc9_mean,mfcc9_var,mfcc10_mean,mfcc10_var,mfcc11_mean,mfcc11_var,mfcc12_mean,mfcc12_var,mfcc13_mean,mfcc13_var,mfcc14_mean,mfcc14_var,mfcc15_mean,mfcc15_var,mfcc16_mean,mfcc16_var,mfcc17_mean,mfcc17_var,mfcc18_mean,mfcc18_var,mfcc19_mean,mfcc19_var,file_name,label
2071.2027118146066,927721.7494758662,2303.888477346257,419434.9476901731,4460.594423666605,4561975.375289968,0.08635414065403735,0.00428941704285395,[107.66601562],-101.870224,10437.896,97.10018,1467.4636,2.6363504,653.3316,11.667946,369.871,4.395497,351.28564,6.788311,263.06448,-5.30018,201.78047,2.5997975,205.29495,-7.175091,171.8524,2.914839,157.55669,-4.361772,127.9148,-0.32080263,108.65597,-4.6694994,105.06673,0.08919182,93.46139,-4.9604654,84.32389,-0.44380918,88.31714,-6.9519343,79.7703,-0.51279557,71.68355,-3.664007,93.47309,001 sokodomo - 회전목마 (Feat. Zion.T & 원슈타인) (Prod. by Slom).mp3,
2367.0337001303556,773900.8169728792,2678.2109370170347,250191.77927477585,5364.5092319891255,4181948.8892902606,0.09066975727089942,0.004593417627928879,[107.66601562],-31.633018,6442.7476,92.709496,1259.2399,15.579318,475.09467,16.746353,322.7453,8.180633,228.31078,7.042927,183.93567,3.3859065,128.47643,-0.28893372,116.17164,-4.7604976,109.74642,8.25878,119.49534,-7.4038863,96.62715,2.2931287,86.031425,-2.4259622,79.02098,3.1518645,77.39757,-2.7587905,64.63429,2.2035556,84.72242,-1.8445108,80.546295,-0.70430577,91.779686,1.4413985,77.051384,001. 태연 (TAEYEON) - INVU.mp3,
2732.070502950225,1085778.6694182055,2710.91129327546,208504.3574340034,5903.535492729978,3307690.59274702,0.10912924118884798,0.007405487909011187,[129.19921875],-60.52642,7288.45,64.55108,1427.3468,1.9479413,697.3958,16.110498,548.182,2.926173,328.31207,1.510489,331.10892,-3.0312612,233.26672,1.8460038,191.39755,-10.134457,179.8363,1.8079367,182.45454,-6.2627826,114.90489,-3.3657112,130.52162,-3.326838,95.57908,-1.5985698,88.134766,-4.4747696,102.987885,-1.4242043,103.94528,-5.5417595,92.36571,-2.238631,115.96802,-5.2781067,117.303314,002 BE'O (비오) - 리무진 (Feat. MINO) (Prod. GRAY).mp3,
1846.4535151333737,846355.5476966971,2263.7148347329266,288158.18183396274,3836.968741744277,3637060.5238225535,0.07136425920503157,0.0039979026658951205,[123.046875],-137.55862,12637.472,101.23815,1147.7928,13.016044,502.16516,24.867374,299.78085,13.364075,242.43382,9.797973,131.05368,0.17842314,112.49172,5.134902,96.774315,3.9159698,97.532,-3.0881743,98.58051,-0.26543954,110.012314,-4.055952,89.40744,-3.9608011,85.15362,-5.6199822,94.9857,-4.4777064,94.47215,5.3867626,90.502205,-11.238302,121.93466,-1.8348244,120.1527,-1.5790358,136.73682,002. 김민석 (멜로망스) - 취중고백.mp3,
2362.680866404016,766286.5113167919,2463.1019189986982,389927.1333430235,5047.509630903074,3679694.967717736,0.0992655156547858,0.0028831533232261527,[151.99908088],-50.100086,13820.17,87.30025,1242.4672,0.3133189,384.99808,18.474726,406.68988,4.286914,209.08926,0.0011541995,191.04878,-2.9271946,135.16483,2.0214732,109.96363,-5.135317,158.89197,3.515364,121.298775,-3.2346916,107.97193,-0.9256032,133.3903,-1.284794,82.876884,-2.2065256,69.58002,-4.9989142,70.97069,-2.7413638,61.826855,-5.8510494,59.322628,0.76263493,74.59601,-4.600396,81.10137,003 베이식(Basick) - 만남은 쉽고 이별은 어려워 (Feat. Leellamarz) (Prod. TOIL).mp3,
1963.472332896867,655136.3935607544,2258.8742333002506,446544.35687430634,4102.3085910914815,3763451.0128313894,0.0855290235399022,0.0023690585447627,[135.99917763],-110.30446,16224.522,106.14718,1159.486,3.3898232,472.31836,24.761873,225.37662,9.151849,136.42131,-3.525365,148.38075,-0.48955548,146.53334,-7.708097,193.22014,-1.6542649,101.50942,2.3597221,138.69012,-12.092053,107.77417,0.06894388,89.83559,-3.6434748,114.507866,2.6068804,112.04129,-1.6759586,109.571815,1.1099325,134.15929,-3.5607872,120.772575,-0.79377544,130.25746,-2.5233843,117.513084,003 에일리 - 첫눈처럼 너에게 가겠다.mp3,
2560.559802246539,854357.1482103,2568.0590059765714,230902.1088848522,5388.007029848236,3238474.77005214,0.11932029558982683,0.005727440695195011,[143.5546875],-38.380028,11020.147,78.10916,813.24274,-1.7261146,407.08636,25.171612,339.51086,4.837973,128.83257,6.4101386,148.84259,6.570457,82.21851,2.5902658,102.4754,-4.8344297,69.26601,0.2566061,89.25129,-7.1808877,99.1955,-3.9399924,84.82115,-4.9448047,78.659546,2.1061747,91.75489,-5.8999443,104.7258,1.8082289,113.52673,-5.488571,136.62477,-2.353013,100.497086,-2.9880066,95.88222,003. 케이시 (Kassy) - 언제나 사랑해.mp3,
2355.8828257132163,738861.8581005306,2489.952348073555,402919.79498546774,4920.556768820194,3369017.595424032,0.0889858107861727,0.003229765023982084,[129.19921875],-32.429295,10464.392,86.900826,1284.6481,-6.9806466,590.1493,15.107465,584.88965,-0.4823662,259.35944,1.3231889,263.57114,9.6965885,269.0277,-9.330262,348.99277,3.4834166,186.2193,4.739281,198.02663,-5.6840534,147.531,1.0087032,127.323,2.20338,103.16621,0.7866166,96.81174,0.2991305,88.3243,1.0264825,84.12513,-3.3766186,81.748436,2.0954468,75.73107,-3.5216832,69.863045,003. 화사 (Hwa Sa)-02-마리아 (Maria).mp3,
2907.0101755678743,1180677.3629906469,2650.524593401245,256332.36191237473,5956.651306152344,3754518.2445622035,0.13380840413965064,0.008010989090635932,[117.45383523],-40.880383,6930.4434,62.66399,1995.4396,-4.1005077,1052.9078,14.780315,665.026,0.06807468,398.56067,-0.92378396,324.69104,-4.1042414,253.48474,6.205892,218.84315,-6.435416,271.16824,4.312902,176.79996,-6.1455345,148.24269,0.70666945,119.463234,-3.6146393,117.421326,-1.9632361,112.76435,-2.4229755,107.0126,-0.44757178,93.85404,-6.1155653,88.29516,0.2860427,81.700356,-4.039592,83.9412,"004 아넌딜라이트(Anandelight),unofficialboyy,BE'O (비오),지구인,Mudd the student - 쉬어 (Feat. MINO) (Prod. GRAY).mp3",
2363.3870489762535,801536.1982142291,2683.57487865945,186135.00515083288,5317.6695340625865,3568309.1175646246,0.08888780862728468,0.004891280490096243,[123.046875],-29.160492,7850.1016,90.05142,1093.8442,10.152042,492.256,14.562655,406.22842,8.354067,214.5692,1.4107902,175.01503,-2.2623656,159.0848,-1.2453128,162.26877,-5.0618224,104.02015,-0.039051887,113.62986,-2.8691218,102.11579,-3.4488072,73.96409,-7.2027736,75.99653,-4.473026,87.84317,-4.4520073,76.39139,-1.7392806,91.80268,-6.4509225,91.64747,-0.49948332,93.15601,-3.8128872,119.21723,004. MSG워너비(M.O.M) - 듣고 싶을까.mp3,
1942.4850534774878,791023.550040353,2275.2527344075384,558203.9599631175,4293.36261608347,5066738.322380469,0.07582984334686876,0.002100319184829404,[89.10290948],-98.31802,8578.612,108.62494,1753.2832,13.038609,853.47687,17.246113,673.90955,5.941044,307.3486,11.234578,207.16962,-4.6325693,159.75868,0.78692687,184.54832,-5.699022,169.92593,0.8613172,129.83478,-2.06767,104.90851,-0.9693487,90.16166,-3.9128528,79.2173,-0.5033527,83.341225,-1.9055431,75.41522,-1.6852157,75.334076,-5.4502444,62.476868,0.18663184,86.706635,-5.1228423,94.92146,"005 Justin Bieber - Peaches (feat. Daniel Caesar, Giveon).mp3",
2569.02306883604,961499.5362317304,2696.426580096814,300197.2098298611,5691.649908768503,4139534.02541084,0.09951857182017544,0.004460343980791282,[135.99917763],-53.52706,7541.4077,79.2846,1285.8708,10.070908,680.91077,18.073187,449.48047,8.059417,356.80005,5.123248,306.5765,-3.4405665,258.73953,2.9915187,270.17752,-7.108067,188.58838,4.1083875,156.40337,-2.3470798,135.9149,0.30571324,112.432846,-5.3376822,123.583305,0.10293403,125.12036,-2.4553726,105.68318,0.49160665,109.01248,-4.301271,93.738144,0.13662116,102.788864,-5.3747725,100.163734,"005 개코,Ourealgoat (아우릴고트),SINCE,안병웅,Tabber,조광일 - Wake Up (Prod. 코드 쿤스트).mp3",
1890.1039593601674,1014185.1212444993,2254.575026692087,318775.5693288831,3993.1167755783717,4548174.068765646,0.07596899659253946,0.004930135659651879,[135.99917763],-128.07463,15173.2,104.78335,1511.9418,12.699683,328.45532,19.257107,250.89044,5.561,259.5637,4.25012,89.10176,-2.637632,115.289955,4.9705067,127.06095,-8.222577,135.85335,6.3648314,90.90376,-4.289831,78.09094,-3.6019216,98.42092,-4.724139,78.38965,-4.433059,79.394615,-8.20607,93.57543,0.02649088,82.10044,-12.156314,101.02324,-6.2723613,93.55232,-2.6056676,89.26098,005. 임영웅 - 사랑은 늘 도망가.mp3,
2669.063708102763,662180.2617142957,2744.5511233456687,173915.1265078092,5727.73722144406,3044024.1025900855,0.10722156330720911,0.003603194725607688,[123.046875],-19.994696,5952.114,78.60166,738.3091,-0.7035042,427.98398,16.310486,252.86392,4.143705,152.7499,-0.48769826,235.67557,7.0952206,127.498856,2.4903636,170.42642,4.3951335,114.40321,6.0206957,116.4528,-2.2700348,94.23991,8.209153,87.37573,4.052171,94.21389,7.0078897,86.36027,-1.5727572,65.1123,3.3858163,78.034645,-3.5340312,90.83988,3.5268774,69.5705,1.5623147,78.99465,006 브레이브걸스 (Brave Girls) - 롤린 (Rollin').mp3,
3038.3627518943185,803482.7016688866,2862.192393233181,191879.77496224633,6544.7195584656765,3035283.62060648,0.1314426315907169,0.006286302092058002,[117.45383523],-36.250328,11833.824,60.599518,979.8416,-1.6319106,454.06686,11.102518,348.2915,2.031874,177.8436,3.6924953,222.09589,3.3630538,135.56067,-1.2037871,166.91968,3.6143384,141.13954,3.0209565,115.15299,-5.3416877,88.48824,2.3351014,87.24969,-3.4691122,113.41816,5.201288,109.88103,-2.2709765,115.23323,7.1658535,118.87214,1.4150472,98.324776,3.1206887,108.692116,2.0285673,118.10318,006. IVE (아이브) - ELEVEN.mp3,
1890.0467221345095,1013886.1800930257,2254.586190809465,318746.2983799182,3993.2218155936157,4547330.504717455,0.07597436745277379,0.004930010493863513,[135.99917763],-128.07283,15172.435,104.78086,1511.6205,12.700976,328.35184,19.257412,250.81929,5.5632343,259.6325,4.248776,89.13654,-2.6367967,115.29048,4.9697804,127.131256,-8.221317,135.84004,6.3670554,90.93854,-4.292769,78.08783,-3.6024907,98.42381,-4.72231,78.38388,-4.4323435,79.356766,-8.2061615,93.57093,0.024540184,82.12219,-12.156977,101.03742,-6.2721777,93.55746,-2.6048193,89.27233,007 임영웅 - 사랑은 늘 도망가.mp3,
2540.7657941563043,667375.9193527921,2558.4762121797507,255811.067561847,5384.766680068686,3319433.3287034836,0.12241264258175534,0.0032764940210250433,[95.703125],-29.351315,13507.215,85.02061,948.3901,-3.693073,259.50607,10.397087,203.84358,-5.1037316,137.8345,3.5452442,156.0746,6.225732,105.772896,-3.4368715,157.81873,-9.354757,85.79895,2.4774852,97.99039,-5.998311,86.270546,-7.477625,78.0271,-9.001907,94.435646,1.5477098,84.0051,-8.22232,77.80774,-3.4511771,85.11987,-5.737602,93.47077,-2.2943702,84.78649,-2.4684472,86.06567,007-에일리-노래가 늘었어.mp3,
2171.6312671533024,970855.5101788673,2415.060649614208,434046.36040084733,4721.957575640921,4996789.302569687,0.08828902182502789,0.0040167499961765545,[107.66601562],-99.81938,10472.111,94.67562,1489.6852,4.7486567,690.18164,9.818007,381.30658,5.3402114,338.40433,5.772519,260.80447,-4.453861,199.00195,1.2925457,208.73761,-6.2921667,164.08899,1.5914418,158.67111,-3.8118331,132.63104,-1.4160398,109.27952,-4.055398,105.117134,-0.5828313,91.81727,-4.4818816,80.27183,-1.2000172,82.73831,-6.499967,74.5363,-0.9472531,70.47625,-3.3986528,88.99483,"007. sokodomo - 회전목마 (Feat. Zion.T, 원슈타인) (Prod. Slom).mp3",
2694.051218812618,895763.4116775496,2482.9941108837565,177018.39584346613,5302.4247826941355,2637124.5712833093,0.13802249949729453,0.007252413906623762,[143.5546875],0.43766642,6890.119,73.19407,1257.5648,-11.876335,679.8036,23.033844,430.71896,-3.4936552,206.24077,10.516375,218.16231,6.1400204,151.35298,1.3002825,149.3812,5.359988,128.52191,7.502646,115.97682,-4.235756,104.9696,4.635048,83.326195,-0.90780133,86.12462,4.6688795,82.94259,-0.4694529,72.6877,3.6462553,69.97087,-0.6489039,77.64629,3.8665922,80.88795,-0.8581629,81.930824,008 aespa - Savage.mp3,
1376.6375965330176,761579.9562537175,1877.6445445127088,375334.49346472195,2692.1272758730834,4099765.5251060883,0.0517303133455256,0.0020721106684804787,[135.99917763],-166.94606,13517.917,117.47234,1427.469,20.563965,629.60535,35.83575,324.69968,10.721709,253.86264,8.647605,144.70921,5.034824,130.31082,4.3874464,98.09103,-4.574168,119.24686,-2.4581997,92.37545,-8.609898,101.45388,-3.4651291,115.95796,-5.172329,93.509674,-3.9660506,81.91282,-3.7469518,82.270515,-5.2635407,80.28524,-5.977803,88.67438,-1.763218,82.063,-8.681763,112.30484,008-이적-걱정말아요 그대.mp3,
2513.189117143652,836203.112793178,2384.038250052253,285663.04238677834,5047.475978704868,3215228.800867744,0.1201133193365326,0.004916113066137748,[161.49902344],-28.039577,7774.079,75.67561,1353.9872,-21.569935,926.3209,16.352852,405.3024,1.4294072,283.60764,8.332787,352.1156,-2.5767026,200.89061,4.6698914,187.11938,1.6762192,225.66083,7.8996644,172.12538,0.6246722,165.52689,4.3138394,134.98033,-2.1371562,165.23878,4.2392807,170.23677,0.25041205,157.13191,2.51351,153.46255,-1.0478797,130.96349,0.68821293,99.3731,1.1976851,129.12177,008. GOT the beat - Step Back.mp3,
2636.175903131514,1198752.5869161203,2532.0491114269203,482961.0567798421,5511.652539411896,4891068.233550462,0.11915915219553244,0.0042929474194430845,[151.99908088],-63.896866,10385.763,77.2257,1327.8896,0.0017654625,662.9552,12.18466,342.40796,2.1103902,292.51465,3.8588545,185.00804,-4.269731,181.0394,0.35886997,172.15776,-9.434587,159.78462,0.29006854,137.17455,-5.1235337,127.40028,1.4204621,104.85162,-8.130003,124.21493,0.03293093,105.0201,-6.4139957,96.66638,-5.582878,120.66962,-9.285851,93.68048,-2.602258,102.19629,-8.353918,103.729485,"009 쿤타(Koonta) - 깐부 (Feat. 염따, ASH ISLAND) (Prod. TOIL).mp3",
2911.635237828496,1544782.5291542266,3014.1475092493897,726162.4090889458,6794.885108646654,7636259.5053703245,0.11559892433492423,0.006646556483735497,[135.99917763],-106.86612,17164.574,80.64499,1443.0112,31.13585,433.0149,17.041185,264.05856,11.779728,138.03548,1.5608149,149.54073,9.684473,149.58865,-6.7693033,165.78722,6.7130604,158.05623,6.637568,118.348465,-9.235992,135.3475,5.051521,98.22466,-5.341428,99.187256,1.4657122,118.87272,1.9586571,105.05869,2.858727,76.48103,-6.5246468,125.95216,0.8435532,83.40251,-5.113161,87.839775,"009. 휘인 (Whee In) - 너, 너 (N번째 연애 X 휘인 (Whee In)).mp3",
2190.582427572088,531928.4984530447,2424.6359230420694,171580.92137952786,4706.493467488125,2369289.2628781116,0.09259088277960197,0.002202360593009544,[95.703125],-42.647682,7493.5923,92.89764,799.0392,-1.9657241,370.69916,25.719181,259.79678,8.563304,195.14445,8.985403,144.10294,-2.392455,107.088684,8.460195,84.0293,-4.231044,92.87799,5.0000687,67.10039,0.7838296,67.51376,-1.3449445,70.285904,-1.9202771,60.200047,-0.91506255,66.51725,-4.893054,59.854176,-2.398711,60.179592,-6.827085,63.897278,0.20366165,71.393745,-5.745561,100.63459,010 이무진 - 신호등.mp3,
3062.912716066555,845172.0861804235,2893.869367346939,296444.88373978087,6652.164019483657,3511703.4081947724,0.12921135223507163,0.004163790611907157,[151.99908088],-9.999124,10188.195,62.64207,831.2642,-0.12382058,663.05896,13.846384,288.56046,5.291497,232.47205,9.329656,194.44072,11.027752,127.05445,6.3157587,119.646935,6.357582,124.83627,5.2957625,94.68857,-3.0082562,87.25319,4.9255695,82.814804,-2.9231668,64.13812,3.6203048,78.25832,-1.5971006,74.266685,3.0606863,75.94585,-3.7561212,78.69576,0.33972257,80.51398,-2.3897972,68.08993,010. YENA (최예나) - SMILEY (Feat. BIBI).mp3,
2455.142803563022,1298153.9559392682,2512.9020206491505,689869.8990805271,5389.225232437224,5868538.057063212,0.09874640903835134,0.005193318755876702,[172.265625],-68.69677,12775.624,83.6947,2257.696,5.32514,403.70523,8.357317,565.04456,4.3568015,286.01587,2.5272985,291.66968,-1.635408,197.16646,2.3984356,165.91122,-6.704053,173.55428,5.0312653,172.86649,-1.4523534,141.18451,-1.5427976,100.81375,-2.7284756,79.44409,1.4965475,85.47499,-0.6089449,72.706566,-0.24605528,90.21994,-0.5899224,94.680214,4.497226,78.863174,-6.200461,76.63124,011 The Kid LAROI & Justin Bieber - Stay.mp3,
2566.3951369199353,692052.1508223417,2706.616748190699,261992.96106100077,5796.83316307447,3590721.9767905534,0.10833183364385728,0.0032619554050525644,[143.5546875],-34.770805,9881.841,79.9906,682.3392,3.3122237,323.8035,15.736309,319.87244,8.950432,193.90933,2.9639623,147.30653,0.47338971,118.77036,5.601076,106.428986,-4.2211375,122.020775,3.8077638,111.94575,-5.72534,78.59494,-3.055887,110.81266,-5.850515,110.71015,-0.9737055,107.81158,-5.1559706,114.711334,-2.4973652,107.982124,-4.659483,135.76663,0.9080515,132.02245,-3.4972987,148.41513,"011. 경서예지, 전건호 - 다정히 내 이름을 부르면.mp3",
2566.3262400644426,692019.7988778568,2706.554724862967,262027.34118256622,5796.595418184,3591251.614786295,0.10831173976525645,0.0032608629649423814,[143.5546875],-34.76751,9882.22,79.995605,682.2437,3.31078,323.7274,15.73416,319.7451,8.95225,193.91591,2.9651318,147.34862,0.4750295,118.73306,5.5999002,106.41782,-4.2201047,122.02846,3.8078594,111.91919,-5.7291613,78.63898,-3.0535922,110.758194,-5.850645,110.72634,-0.97073036,107.828415,-5.156233,114.68821,-2.4962542,107.99462,-4.658343,135.76312,0.9118394,131.9394,-3.4960546,148.4224,012 경서예지 & 전건호 - 다정히 내 이름을 부르면.mp3,
2825.5608846873997,781932.082341884,2849.528643121356,231260.0522505916,6273.725351876858,3159949.5059926366,0.10998372851425822,0.004657416994383873,[112.34714674],-31.909464,8981.763,67.006676,970.54254,8.620687,658.04517,22.834772,287.10257,14.6578,175.84325,8.817499,208.49442,4.1000757,144.06398,8.739684,123.06002,0.08413947,102.41207,6.06122,95.694405,1.759254,91.23512,3.0666835,79.748245,-0.38136426,79.26425,4.6006064,63.40425,-0.48541284,70.97275,1.0325632,70.967735,-1.662975,77.80262,2.0575738,75.35202,-4.096476,71.51002,012 방탄소년단 (BTS) - Dynamite.mp3,
1981.0265342191697,864197.5834151357,2236.9508439754154,450517.1736195053,4234.456949695184,4099943.1229586275,0.08424495552844942,0.004086176851380081,[103.359375],-139.42848,13147.318,106.639626,1283.1018,8.14144,431.9522,12.586916,267.07703,-4.9220376,134.71959,2.4725554,122.68423,-5.864307,130.86757,-3.4335232,117.85124,-4.210057,103.74249,1.58173,99.17781,-0.27222675,107.29913,-2.2033198,90.382034,-4.77305,86.28051,-1.3084471,83.75854,-6.713227,71.6683,-0.6244583,62.124413,-6.4133534,93.10785,0.98303384,103.174675,-2.5176632,140.77246,012. 탑현 - 호랑수월가.mp3,
2468.7269807760435,925697.7591718362,2421.0752054292407,270185.50057585817,4941.178518449387,3120072.70781453,0.11937752557502881,0.0057833955896257104,[107.66601562],-28.959084,7899.5034,84.35957,1443.2925,-6.7395277,752.8284,27.393,517.35614,-2.2498784,308.65027,7.866532,214.3353,6.498424,162.1767,-4.619268,171.30682,4.580407,121.1973,1.4614887,112.610695,-7.069164,116.46422,3.1167848,100.563126,-3.826166,86.012405,0.8625108,82.95427,-3.7416635,76.502426,0.76595813,74.540985,-3.568486,76.70066,1.6268469,77.438095,-0.23699303,84.376915,013 aespa - Next Level.mp3,
2896.2440934182882,811115.4065828447,2805.2692220037898,204842.06630738423,6219.01891523832,2856684.9909108086,0.11938760231159735,0.006466725112048197,[129.19921875],-60.503822,5547.127,61.441063,1147.1608,0.92323744,664.2421,19.167849,453.49374,5.896843,226.92372,10.630708,256.99484,7.6914363,169.93762,1.5239493,183.9007,7.6306324,141.79948,11.29207,163.74788,-0.9950808,164.5395,6.5105214,98.85478,-0.30282062,108.34787,4.6879244,114.07547,-0.6147859,99.68991,5.0271688,125.62587,2.438271,112.90397,5.2730484,130.91731,1.3344021,127.06718,013. STAYC(스테이씨) - RUN2U.mp3,
2264.0579611033536,725138.8508038756,2538.068658775338,179124.30983342658,5015.285711985196,3062959.3308600676,0.08401434268182811,0.0037983848603624836,[92.28515625],-86.10581,6048.855,80.13559,1203.2515,5.492667,404.34482,23.474077,519.1505,4.3611345,221.7642,1.1623174,387.7283,-3.3866897,192.9505,-3.3371327,191.87466,-16.868362,339.65775,-0.23822238,177.4853,-13.633112,141.05823,-6.3912992,173.27382,-4.5316944,107.89365,-7.9798207,121.617195,-8.206734,107.76521,-5.248395,126.370384,-10.7725725,135.14359,-5.5835395,96.10355,-7.9110527,110.98728,014 주시크 (Joosiq) - 너를 생각해.mp3,
2748.188112603534,1091889.0770526798,2718.5641620099536,207185.44590458248,5938.947596694484,3289694.7749551698,0.1096212984335543,0.007466011823387507,[135.99917763],-59.794502,7295.2207,63.937435,1429.7444,2.0470474,699.8272,16.021402,551.6452,2.896618,330.94012,1.4318402,333.74548,-3.0403638,235.70662,1.8397958,192.35507,-10.195169,180.96977,1.7922158,184.44913,-6.360373,115.19709,-3.4320374,131.61745,-3.3448005,96.56838,-1.6641918,88.460205,-4.4891973,102.82688,-1.4304417,104.93582,-5.584721,93.34121,-2.27028,116.28441,-5.313835,118.23574,014. BE'O (비오) - 리무진 (Feat. MINO) (Prod. GRAY).mp3,
2177.5418895527196,724184.4998854316,2279.6000038513534,300481.9182501068,4530.969778415376,2704538.4189669215,0.09555810789045026,0.003758042653180967,[95.703125],-52.14514,13616.174,92.58841,1306.3451,-9.9481945,554.63354,17.24662,345.29462,-7.1291428,295.97238,2.3638928,230.01833,-6.573934,188.48526,-6.589623,176.99898,-6.5016747,155.5387,-4.9007783,134.54672,-12.453236,139.19795,-0.68569833,152.2511,-10.483482,102.343895,-7.496142,96.367615,-5.1102004,94.783775,-1.8044049,82.03796,-9.676336,79.61628,0.5048582,71.96374,-5.318494,61.169643,015 디핵 (D-Hack) & PATEKO - OHAYO MY NIGHT.mp3,
1883.732351424417,710922.8639056232,2308.1495161435796,389024.3517175045,4157.1417250538,4289467.066235082,0.06821075465629212,0.0021985363318669077,[92.28515625],-133.49928,9372.052,104.57123,1731.1918,13.778206,539.72565,11.62001,320.98676,3.1573946,182.25363,10.28537,163.55295,-13.882842,176.37244,-4.507018,134.9546,-11.079681,125.843155,-5.647213,96.0064,-5.427337,96.33303,-5.7802687,68.568726,-6.1876435,73.69841,-6.2591767,71.34847,-2.008155,59.344025,-8.283317,60.720753,-10.641341,79.78792,-3.7141774,71.20093,-10.019023,92.43526,015. Maroon 5-01-Memories.mp3,
2143.392023630243,850094.628772391,2635.0511467364036,307561.1607331455,4987.401647461817,4782330.001778785,0.08140229410587412,0.004320225380073464,[95.703125],-114.72909,14689.377,100.00272,956.5908,26.108843,382.2753,13.087609,242.22458,7.6827593,137.35307,7.8319244,160.9965,-4.676301,141.72073,2.304489,114.90019,3.680993,125.52138,6.1351566,73.237305,1.5605612,71.98156,0.7738679,89.13758,1.0612812,67.14706,-0.23659433,86.45553,-0.73574746,73.10393,3.1769295,63.262695,-4.4144173,71.42018,4.1189995,90.49129,-1.448272,107.84424,015. 이무진 - 눈이 오잖아(Feat.헤이즈).mp3,
2277.067234124613,1954239.3223953976,2329.5870574666515,783789.2137464305,4728.265038912606,7388389.066915366,0.09069095356868764,0.005635757063349681,[117.45383523],-117.571815,10797.54,101.6348,3244.098,18.710175,1151.6147,14.548828,398.94974,8.224023,408.2592,12.233835,227.59177,-3.5858707,239.15848,-0.04357777,181.16116,-2.2910874,170.99205,3.9977527,196.30544,-3.218723,114.74169,1.8702794,127.41666,-3.4720387,174.43826,2.0600064,125.77252,-4.3355412,108.743454,-0.119451284,105.273544,-2.8424845,75.34927,-1.3626064,80.733185,-1.2536659,76.17741,016. BE'O (비오) - Counting Stars.mp3,
2341.9857157326046,887888.3837043496,2581.038038674471,326278.65162740246,5221.038182793937,3851936.6544485847,0.08162774010552605,0.004043555328433365,[184.5703125],-43.860607,8369.671,88.18736,1399.5021,8.847281,459.2806,22.886093,290.9818,12.200998,297.90674,9.519365,251.39105,-0.93075854,177.27289,5.4744115,157.47476,-0.22800867,116.099335,4.108075,110.30026,0.5968869,94.40336,1.7668744,84.60722,-5.190312,100.22635,-0.6355542,104.35705,-4.6456594,100.99704,0.23605096,80.33467,-5.5665827,72.636734,-0.07494136,82.38531,-4.5520773,56.198963,"017 SINCE,Tabber - Reset (Feat. 개코, Kid Milli) (Prod. 코드 쿤스트).mp3",
1846.9381347104388,1163659.2940888247,2268.7933006996673,429376.5843246492,3850.3523291878414,5698449.7071899595,0.06678173764994254,0.005597868369510368,[45.33305921],-168.68018,8599.791,106.703735,2082.8633,21.174301,454.08167,12.483501,392.583,0.23572375,299.21426,1.3251455,172.48732,-3.8322563,187.80025,-8.519983,176.42738,-6.9563956,181.6577,5.409485,151.1903,-9.138926,118.84798,-1.1250806,94.41088,-3.7409945,100.283325,-2.405787,118.689285,-0.9090654,77.30662,-0.5246916,60.427803,-4.7990966,79.05295,-1.1963192,75.94471,-7.0161333,93.69791,017. Zion.T-01-꺼내 먹어요.mp3,
2190.5945167658856,531944.5595332343,2424.644990710598,171586.27042075692,4706.579824829713,2369318.518679163,0.0925940648811911,0.00220119353190792,[95.703125],-42.648224,7493.5386,92.897415,799.0487,-1.9654884,370.72757,25.719154,259.78033,8.563579,195.15338,8.985616,144.10118,-2.392251,107.08941,8.460497,84.02582,-4.231266,92.865456,5.000126,67.09211,0.7837406,67.51477,-1.3446791,70.2644,-1.9197049,60.202904,-0.91521597,66.52201,-4.892386,59.854446,-2.3989878,60.190155,-6.827857,63.908485,0.20345153,71.40281,-5.7458763,100.65679,017. 이무진 - 신호등.mp3,
2617.1381571358847,775789.6868193195,2603.167384563067,293165.58631778974,5611.794777291174,3359483.0134240678,0.11480524167879229,0.003768349375717761,[161.49902344],-19.26607,6524.0645,81.24115,1267.3042,-3.065792,709.17645,14.47536,371.095,0.2947707,251.96017,1.2476518,245.51566,-4.002461,191.20236,3.6054854,158.13379,-8.978955,161.71124,2.8613927,158.27162,-5.3541102,126.735214,0.29322872,108.52755,-5.894339,105.001625,-2.2166483,99.05322,-3.927699,99.73003,-1.1994712,78.61677,-6.3896637,67.323746,0.54157716,79.92339,-3.8336132,107.60473,"018 염따,TOIL,쿤타(Koonta),베이식(Basick),365LIT,황지상,송민영 - 너와 나의 Memories.mp3",
2563.5239308631812,567954.2611865844,2565.3955080914693,127812.16030856852,5299.314945721448,2006787.0730205167,0.11662956702852369,0.004063144374368428,[99.38401442],-1.3437402,7931.2324,77.51624,763.6004,-5.3494196,333.66138,21.391737,279.5274,0.64104456,112.72005,9.936021,139.07896,3.6075227,145.14067,2.679222,111.77965,5.057542,123.07272,7.5987253,85.39496,-1.7760981,76.19702,5.965059,77.84304,-0.6556596,63.97702,2.6092072,68.98761,-2.2788596,68.384285,1.4214197,80.932236,-0.038702913,84.666245,4.661422,81.37451,0.4873963,77.47093,018. aespa - Dreams Come True.mp3,
2376.271070780938,702945.3975724638,2586.52558393515,276929.7026334852,5269.97194835924,3270275.091939765,0.0962715495256554,0.0032173968988356864,[103.359375],-46.506943,9395.607,89.510826,1348.912,8.375639,361.7349,22.492294,239.56052,8.16608,117.16176,10.726855,114.06705,-2.4895248,84.82649,4.750469,85.04106,0.19900317,87.49413,6.239653,91.51977,1.8234353,92.559166,2.4307015,83.21219,-3.252221,55.455963,0.8274969,58.133022,-0.60255134,51.842953,3.2944272,53.939075,-5.338698,54.945972,1.4677744,56.720894,-1.4116135,49.554504,019 Coldplay & 방탄소년단 - My Universe.mp3,
1629.0327401345555,760340.8754672857,1989.2694911130247,565316.2850638928,3344.504329736793,4158311.709656127,0.06965100971770155,0.0023227870622850827,[129.19921875],-151.85526,17937.994,124.03053,1488.4539,14.174346,503.68802,18.893164,316.61444,5.1268215,109.446304,-0.026627833,122.93434,2.62471,79.15071,-0.84729946,99.588974,-6.944667,83.07925,-2.671179,164.23958,-14.311182,106.556694,-0.2762379,95.47842,-2.0591743,87.76183,-0.9845716,84.56816,-3.979585,78.16358,-1.8257412,90.18612,-6.5413885,83.8435,-1.1246505,96.39454,-3.2939105,69.02288,019-린-My Destiny.mp3,
2466.155457383855,931528.0189963805,2417.5930452979496,272431.1390069781,4934.503970105706,3127560.302970419,0.11940960692719794,0.005837348777148651,[107.66601562],-29.108837,7901.4463,84.53598,1447.9135,-6.886538,756.6873,27.510056,518.6368,-2.3242903,309.39108,7.899159,215.50606,6.4882975,162.4228,-4.631246,172.21191,4.594077,121.530075,1.4549195,112.96927,-7.068813,116.804565,3.1196132,100.739006,-3.8320334,86.037636,0.8677568,83.2966,-3.7466133,76.72327,0.76943016,74.71586,-3.5757275,76.841965,1.6306669,77.570206,-0.24256493,84.43729,019. aespa - Next Level.mp3,
2341.9687009966847,979072.0074598369,2466.8126665662217,290500.4099624488,4936.541636169806,3927043.5059989993,0.09446899662678208,0.005483779896941416,[95.703125],-75.51265,8415.345,79.48428,1557.7128,-1.5592512,1023.3047,20.21796,475.53326,4.6385465,359.03818,6.1660075,278.31726,-0.5968536,239.7922,6.5985107,213.16957,-5.6882277,158.51395,3.3765802,143.68129,0.8803764,135.31091,-0.7421899,130.51538,-0.29301044,106.65649,-2.8837454,111.922325,-3.8278775,100.062325,0.47068816,90.97159,-8.767611,100.54833,-1.4936724,89.37814,-7.2042055,94.458145,"020 Don Mills,Northfacegawd,sokodomo,Khakii (카키),에이체스 (A-Chess)  - TROUBLE (Prod. by Slom).mp3",
2506.9830740150405,760865.7741483886,2650.945680074255,428072.0798491322,5701.742837731822,4353304.845311118,0.10698743002940178,0.0026213165781587004,[172.265625],-42.995518,8665.094,88.27518,1482.6136,7.0418143,433.82507,13.962011,272.40228,3.6718748,161.40083,5.2660155,191.33824,1.626344,119.16946,2.514563,170.05923,1.3590622,95.51735,4.0237584,92.02299,-4.384397,92.23776,2.160959,79.63828,-8.576798,89.28506,1.6285222,114.45765,-4.790606,104.35274,-1.0284489,100.95092,-1.3647759,105.333786,2.8259838,94.43689,2.0180793,111.254875,020. 아이유 - strawberry moon.mp3,
2859.346291256779,981703.1452148249,2915.6378402994283,212993.8258839696,6483.691705419722,3141892.9410690353,0.10977093148517762,0.006976769339252352,[123.046875],-38.37117,6931.0312,69.938324,1100.0475,13.368432,383.79218,18.880976,321.3533,11.141235,206.61942,6.4242587,177.1878,0.05586067,141.05022,9.457159,118.247696,-0.846511,99.05962,8.128143,95.94865,-1.7288308,80.592705,2.0988934,67.90779,-1.3816077,68.76741,0.9609304,58.359978,-0.8504366,62.443344,1.0495688,71.557396,-0.12996586,82.36802,3.8495011,95.992744,-1.4323014,86.53053,021 방탄소년단 - Permission to Dance.mp3,
1837.9994860549214,769764.0244398761,2354.0546915650266,534897.0135994779,4132.488952095594,5158328.538798772,0.07076376084339651,0.0036016175689715297,[129.19921875],-153.57378,19636.21,102.43375,923.80005,25.071466,450.19235,15.999451,264.00177,11.908799,174.48538,2.1262305,126.113686,-0.89678997,118.19027,0.19773012,92.39908,-3.3546407,118.1667,3.2363997,108.26008,-1.4651085,83.05034,-3.333026,83.46343,-5.750925,83.01439,-3.474528,85.81116,-3.6779456,91.209595,0.28517807,117.923965,-2.956766,129.51245,2.0524,138.83296,-3.062255,111.931656,021. 노을 - 잊을 수 있을까.mp3,
2387.2246574071446,1118177.5895613625,2623.6232713613563,410630.1674023223,5375.75417476473,4712365.454127999,0.08955621547667758,0.0058924187709855115,[99.38401442],-88.61203,11532.634,87.73003,1423.8646,12.679426,367.33667,15.493308,323.62994,5.7962894,179.18846,12.442038,152.6134,4.16956,125.58758,3.0442972,122.45623,2.123684,126.55524,6.1563954,132.74446,-0.6270751,74.149574,3.4183013,84.54884,0.06225209,65.88893,3.2978442,76.34863,-3.112983,78.05815,-1.5085605,64.39933,-3.8146472,51.253616,3.1177218,71.47213,0.34774673,87.001625,022 AKMU (악뮤) - 낙하 (With 아이유).mp3,
2488.2398001809497,553559.1976424359,2785.923745776359,161904.13907953884,5903.431341479562,2739320.4401965663,0.09156474460004134,0.002109968018641729,[99.38401442],-30.304405,7445.7847,86.66714,673.78326,20.152956,218.08978,11.719527,212.89558,-1.6109396,133.26512,14.671248,91.25484,5.3868833,119.85849,6.742572,77.67762,-6.336937,80.69409,10.970972,56.062225,-0.540404,63.91032,1.753119,60.203106,-1.0373036,59.76713,3.682807,53.173325,-4.1938195,42.922447,-1.3996159,40.74132,-6.5997744,46.52366,-0.39397314,61.96444,-8.161304,70.65596,022. 장범준 - 흔들리는 꽃들 속에서 네 샴푸향이 느껴진거야.mp3,
2826.818162915714,850723.4073624398,2766.2629794574013,268019.4737139718,6122.260511813147,3469495.9849673966,0.11436469621052295,0.004782540042689029,[172.265625],-28.943844,10729.413,70.971565,1104.47,-0.82400596,542.1512,16.287329,446.30106,6.2828145,319.19122,6.333756,239.13098,7.270643,119.73342,1.2291498,169.3752,3.9595025,97.00179,12.212162,100.48406,-8.939162,103.89197,3.8336983,92.80336,-3.106754,76.11384,-1.9489338,94.23453,-1.7683223,68.6292,0.74574715,120.14881,-3.6750426,114.10559,-0.11661325,125.6475,3.5565724,106.82995,022. 태연 (TAEYEON) - Can't Control Myself.mp3,
2780.9865082514875,778508.253218215,2870.0165858709565,152338.74761266063,6286.1096636113125,2616598.460877792,0.10876344186846935,0.0055564291017924945,[112.34714674],-43.51351,12429.096,64.072334,906.8729,10.92439,472.39273,20.55063,372.13058,8.089736,209.81573,11.0598955,215.9462,3.5758326,157.37807,9.560881,130.68555,3.7524745,117.55385,8.755167,111.923195,0.30369893,89.564545,4.0358777,79.03878,0.10528473,79.2287,4.7836857,75.74248,2.0699074,81.26763,4.237376,87.791504,-0.86815757,83.841484,5.5184865,95.0523,0.06077271,90.32642,023 방탄소년단 - Butter.mp3,
1631.5309691841173,793807.4607529498,2076.8666745167016,332334.4317027994,3316.2856473267534,3779129.098346223,0.06310916088515162,0.0028745694556792964,[66.25600962],-123.47331,11591.676,117.12045,1723.1589,5.7211027,641.5717,30.287552,310.8334,11.01197,167.00752,6.2087326,179.69624,6.87215,131.29427,1.5410147,119.719955,1.2027258,82.62178,2.4690497,114.66355,-4.4901505,86.35371,-2.5841882,62.122185,-2.2534962,69.04477,-1.6328597,69.59499,-3.7823243,70.91409,3.269953,61.023483,-3.0098712,67.98501,1.0856678,72.611855,-3.118427,90.25296,023-김필-청춘 (Feat. 김창완).mp3,
1965.1428771221565,875793.8071677712,2546.0206983743983,484606.292684121,4538.423458832298,6687429.068418883,0.07067439646724688,0.003117143462217364,[135.99917763],-146.4211,10289.498,108.46239,1259.1195,23.495962,498.69638,6.0556784,450.93936,11.088084,148.4517,3.7398684,291.83487,6.198376,162.5408,-10.861611,177.99304,2.759602,136.53416,-0.7328156,116.533806,-8.936829,103.96573,-0.5459392,117.23889,-9.825497,131.8202,0.7426632,105.728035,-12.503147,121.83384,-2.7742429,102.458176,-12.729889,141.44852,2.7936761,174.19366,-3.4883456,128.31732,023. 아이유 - 겨울잠.mp3,
2236.212831604139,609212.4310859741,2450.2083766713727,234162.70670024882,4878.433413890656,2879553.4841613392,0.09826267415257715,0.0027754842708975157,[117.45383523],-22.279846,8328.275,94.29576,922.1891,0.61734354,302.26837,17.13719,213.00603,1.4628379,140.9619,4.594045,116.68966,-5.6804643,115.312996,2.262519,75.13025,-6.868803,89.66073,2.4701324,96.31814,-3.179508,86.00747,-0.10677345,80.90864,-2.4821875,78.74658,-0.86241084,78.13896,-2.6736674,69.474556,2.1988049,87.89412,-4.9305496,86.238075,1.8277897,91.366234,-2.9033105,89.8056,024 MSG워너비(M.O.M) - 바라만 본다.mp3,
1996.9262358872163,919315.9402339349,2351.9293123072366,435265.20963532117,4283.770864776357,5261428.632024067,0.07913678104612178,0.0027865907813735434,[107.66601562],-127.10625,10118.415,98.0,1591.6709,9.541567,423.94818,23.488018,355.3122,8.456847,155.63585,8.687691,247.11336,4.1798453,111.019684,-1.856137,133.9741,-4.0406466,144.69258,-7.290685,105.10427,-6.778346,136.3674,-5.3692102,98.465225,-4.5327816,118.837555,3.4472268,135.58824,-14.366829,154.5479,-0.872912,74.85942,-14.619312,123.76643,-3.8861127,143.01471,-8.838864,86.501045,024. 아이유 - 드라마.mp3,
1870.9686537181203,1144900.7119894333,2382.996947635338,395029.0344781123,4148.92219984827,5778145.29587733,0.06363230903802637,0.004304039527627582,[129.19921875],-137.23311,10820.533,100.80894,1495.8279,35.675037,368.04456,24.951487,323.47153,2.1947842,295.18085,12.347973,132.53178,-4.899832,119.863266,-4.4529634,104.68615,-8.134094,106.88852,-2.9896426,106.75396,-3.6308014,86.03865,-1.6727993,86.683136,-8.56869,100.17991,-4.5635934,85.6979,-7.130103,83.83591,-5.0813646,99.166695,-10.650037,86.0359,-1.3269781,70.1978,-6.247215,101.26349,025. 폴킴 - 어제처럼.mp3,
2518.818241816222,576894.0910766757,2531.7790360321533,208092.2033550036,5412.50850786068,2448698.4038071926,0.11030403151684061,0.003249539101273482,[99.38401442],-80.2206,11451.938,79.37143,1000.1911,-4.220127,920.3703,22.943027,628.2419,-0.92432195,447.20258,0.21851104,348.8786,-7.4799647,225.06177,5.3230395,170.4867,-7.397187,169.69092,6.9141498,175.71404,-3.4196002,171.61807,-0.7208078,78.76598,-3.2692952,118.81864,-3.0589359,96.63822,1.1557528,72.8415,0.59354484,92.88378,-6.960724,75.78515,0.67481697,55.92224,-1.4101229,60.82252,"026 Mudd the student - 이끼 (Feat. MINO, BOBBY) (Prod. MINO).mp3",
2364.150622863342,647769.1827203047,2522.3854533172953,230680.20351858047,5044.681362606311,3031352.296394931,0.09657749474659305,0.0038021712342588107,[112.34714674],-14.50407,7008.433,89.880684,885.55505,-10.374586,641.96735,12.20356,352.45233,6.830277,226.47627,3.9792078,231.64673,0.966046,127.30231,1.1626672,146.53445,-1.2199461,126.95341,3.11106,90.96772,-10.429324,106.35181,0.2903013,83.82821,-2.5336962,80.183556,1.9574381,91.63438,-0.22372563,93.86845,3.1889477,98.23226,-1.4228798,88.560974,0.5533003,80.33032,0.4183953,85.02708,026. 태연 (TAEYEON) - Weekend.mp3,
1771.423026171613,702030.7146275464,2021.381772462869,351555.2866599162,3576.492551403326,3441737.9594537974,0.07993230260645408,0.0034208044569831626,[151.99908088],-107.58164,12411.492,114.61011,1402.6024,-4.1459775,479.8545,14.763635,251.53198,0.7751194,202.806,1.5293366,116.915504,-11.099442,123.14364,2.2732031,117.0393,-7.6438837,98.40992,1.4474186,80.87497,-4.4877934,83.15158,-3.707439,75.78878,-8.70651,83.62028,-1.8604866,82.74934,-10.285615,102.77274,0.77668285,74.77702,-8.712749,91.01342,-4.5034456,124.60871,-4.8554096,107.50592,027 임영웅 - 다시 사랑한다면 (김필 Ver.).mp3,
2693.446942555456,901518.2750901813,2481.664421699841,177990.47231913992,5299.58329001307,2641955.9715375705,0.13801593005081894,0.007316235961170906,[143.5546875],0.40475672,6891.4995,73.25781,1259.4003,-11.929521,681.57513,23.082304,431.13928,-3.5271168,206.56705,10.536733,218.67027,6.124299,151.54483,1.3095098,149.74127,5.353878,128.63257,7.509642,116.21805,-4.248639,105.02683,4.642319,83.394714,-0.91623384,86.228806,4.6757855,83.03721,-0.47712967,72.75812,3.6501875,70.0811,-0.6490812,77.68719,3.8697531,81.005615,-0.8639335,82.001495,027. aespa - Savage.mp3,
2201.3560822307395,672871.5773574706,2229.4883404739994,242481.74222544266,4391.229909507682,2581473.8678661026,0.1081314536819388,0.004237796327309477,[143.5546875],-131.39598,15779.986,90.55874,1190.6263,-10.009739,595.5235,28.13747,447.8637,-0.20223764,252.5823,0.45132226,319.54816,2.9003086,194.0973,1.6560254,136.62885,-6.7882733,182.2711,6.3286853,165.98831,-6.0627036,149.61716,2.9862478,96.65751,-5.507981,91.34878,-5.038267,88.665474,-4.466472,67.56504,-2.6456666,71.70967,-4.957478,80.88381,3.542095,87.039856,-1.9569232,79.60526,027. Queen - Bohemian Rhapsody (2011 Remaster).mp3,
2442.0053947162783,480797.0690459401,2582.197078631829,150124.3549002103,5374.539795762001,2279726.8299489915,0.10181801033063777,0.002258011844982248,[107.66601562],-18.448854,11842.183,84.8367,583.77954,0.8678336,299.7746,19.854006,145.76236,1.4018502,153.16574,12.598729,89.13604,2.249093,90.46434,9.460598,44.586178,-0.87076855,46.456467,5.280023,45.10067,1.2140226,49.930122,2.5926485,31.357504,-4.25258,39.69044,-0.3741221,31.32335,-4.135968,31.849905,0.48089454,29.283878,-4.596865,38.284267,1.5977256,49.37635,-1.2678962,47.821926,027. 가호 (Gaho)-01-시작.mp3,
2123.387518537745,531895.0038339804,2322.8625002722392,148557.42694492423,4585.605450223308,2175353.8309860686,0.08548067295531198,0.002895112318785269,[80.74951172],-68.593605,7606.3813,95.94137,905.92224,4.7101917,270.74777,26.747066,175.49092,-12.163841,160.25934,11.28892,137.97855,-5.889651,144.94812,-4.8242617,110.25845,-14.382944,146.33144,8.986155,90.37722,-0.65521467,96.36478,-2.5181534,82.27911,0.5450428,88.685616,0.86901546,93.66398,-2.0589156,72.692604,-2.1761222,76.17783,-6.9076767,79.07287,0.61502063,89.067505,-2.5982103,99.81423,028 장범준 - 잠이 오질 않네요.mp3,
2243.8666684626755,905294.9393828987,2529.628974644215,412496.6261271585,5031.99074045414,4824385.352538753,0.08667434371108784,0.004191549211747953,[143.5546875],-88.20289,7496.708,98.69347,1195.5085,10.381979,372.79163,13.364915,261.39862,3.8951137,240.77861,1.9730445,105.27644,-3.6927676,114.84205,-3.5927355,94.32734,-3.9971094,82.47524,0.51079005,65.22581,-9.046553,93.67935,-2.35419,71.172195,-6.984664,68.1304,-4.8832746,86.295456,-4.127904,100.66594,-0.52466446,96.85553,-5.777588,101.987686,0.31580687,109.30424,-2.541224,139.6063,028-더 원-들리나요.mp3,
2293.437488767256,861778.3060600488,2597.604669548063,423790.86948094843,5304.291065216455,4770762.0266215885,0.09207711161809032,0.003612661046601695,[135.99917763],-65.99179,16487.168,96.724045,1028.9452,17.650532,234.92636,11.2959175,282.4107,1.2556894,147.52098,6.569152,112.608154,-2.8107738,82.79629,1.0864173,96.20864,-1.6094469,80.3034,7.0350766,76.50619,2.1595864,52.037197,4.795379,88.58506,-1.6168388,74.69846,0.25542632,67.14368,-2.0843346,67.53215,-0.9794838,81.17685,-5.244994,75.91144,-1.7694122,86.180176,-4.2469764,92.243744,028. 먼데이 키즈 (Monday Kiz) - 너 아니면 안돼.mp3,
2375.236831499522,774532.0531807013,2469.414339700614,391780.7280068223,5075.820165040728,3708689.6708953483,0.09996744138469449,0.0029487989047242385,[151.99908088],-49.453503,13859.323,86.909515,1250.1536,0.24935599,386.78284,18.331888,411.53998,4.241152,212.06148,-0.07736007,194.30203,-2.9740136,136.96265,1.9404243,111.2446,-5.21275,161.99365,3.4194121,122.95687,-3.3596914,109.4807,-1.024636,136.25644,-1.3203467,84.16039,-2.2987983,71.221176,-5.0224285,72.04623,-2.8227236,62.36777,-5.9476867,60.484093,0.6655671,75.5676,-4.702255,81.36365,029. 베이식 (Basick) - 만남은 쉽고 이별은 어려워 (Feat. Leellamarz) (Prod. TOIL).mp3,
2364.1578224806412,647768.2074436119,2522.3933663917924,230674.38537530496,5044.708137204845,3031395.13910339,0.09657360909056997,0.00380240236905552,[112.34714674],-14.503788,7008.431,89.880325,885.5474,-10.374203,641.9689,12.203755,352.45316,6.830735,226.48538,3.9785438,231.6212,0.96595097,127.3147,1.1634289,146.52852,-1.2201283,126.95895,3.1111891,90.971,-10.429336,106.339455,0.29060343,83.83052,-2.5342298,80.19336,1.9578618,91.62665,-0.22349638,93.86061,3.1889608,98.236786,-1.4231555,88.55795,0.55362535,80.32883,0.41835785,85.02546,030 태연 (TAEYEON) - Weekend.mp3,
2264.0461814803825,725150.0803375797,2538.0570074393863,179125.63931130862,5015.266899532973,3062980.0180976065,0.08401674222930545,0.0037988762587125202,[92.28515625],-86.1065,6048.8926,80.13565,1203.3448,5.492704,404.36447,23.475681,519.1116,4.3615346,221.75911,1.1627783,387.7232,-3.3863525,192.94437,-3.3371923,191.87614,-16.868557,339.6913,-0.23790729,177.48637,-13.632565,141.0431,-6.391443,173.28389,-4.530681,107.883644,-7.9788284,121.602425,-8.207251,107.73467,-5.2473793,126.3621,-10.773033,135.19255,-5.583327,96.10215,-7.910498,110.96368,030. 주시크 (Joosiq) - 너를 생각해.mp3,
2009.1114597302603,699404.7718711504,2480.8900025299977,433650.56582237704,4596.5722378490955,4565555.892298935,0.07387830360864554,0.0023044148152275034,[123.046875],-124.462585,15023.998,103.16885,1025.126,14.899929,327.15738,21.71578,231.4588,16.115871,131.32872,1.163447,90.6776,5.5924473,79.499374,4.6064734,79.74674,-7.282547,97.39522,6.1154666,88.88886,-7.439776,92.07627,-2.5541694,70.281006,-6.9115314,87.65488,-1.3033969,78.150246,-3.091769,84.035866,0.94464433,84.09121,-2.9779055,102.89484,-1.3097161,125.37245,-0.76886827,134.0052,031 이소라 - 바람이 분다.mp3,
2235.168878318102,609923.2019460872,2448.85904161347,235228.27707586615,4875.917907835071,2881509.9290622943,0.09825930780121471,0.0027768353369652518,[117.45383523],-22.334288,8332.376,94.343185,924.11743,0.5872246,303.37167,17.179623,213.94823,1.4395416,141.3298,4.6164594,116.913414,-5.698544,115.429825,2.2775223,75.35766,-6.8828554,89.78908,2.477081,96.5036,-3.1837225,86.21173,-0.1076745,81.06911,-2.4785101,78.81399,-0.86302304,78.234245,-2.678343,69.56786,2.2053561,87.943375,-4.9400034,86.28868,1.8237549,91.62151,-2.901185,89.934906,031. MSG워너비(M.O.M) - 바라만 본다.mp3,
1494.080575296445,722300.8202106707,1908.7531416709292,557345.9407107133,2926.593079131108,3780642.5695727062,0.06282660208149912,0.0023461589466874234,[64.59960938],-185.5315,14607.095,130.36795,1705.0463,5.7064433,475.5095,7.6390166,280.94934,8.102339,170.76596,0.024277376,163.05444,0.62557465,147.08374,-10.884179,163.89548,-5.7945395,104.259865,-2.184714,102.985725,-9.586654,102.762985,-5.55394,77.693275,-9.497485,83.89683,-6.864306,88.48187,-4.745453,100.510735,-6.6322484,127.46176,-5.0152583,126.40133,-2.0107331,106.08463,-3.2045407,100.466,"032. AKMU (악동뮤지션) - 어떻게 이별까지 사랑하겠어, 널 사랑하는 거지.mp3",
1899.6484651799537,752738.2966504436,2293.9072874528765,462337.5940410498,4001.9022275021616,4646145.427034867,0.07897649273113257,0.0026910411730522083,[135.99917763],-134.69666,17341.361,105.189384,952.7127,6.5328083,549.4888,8.582226,345.07098,11.785337,179.71962,-2.7484436,135.2865,-6.0819216,146.39658,-4.347922,102.63665,-5.3715906,109.35696,-1.3388823,101.42248,-2.9650323,78.76579,-7.7865453,90.42679,-3.4350996,90.74567,-3.0831633,84.0507,-7.15668,70.34814,-4.8605757,69.18423,-8.608325,71.9467,-2.6665726,111.00265,-4.9689264,110.850365,032. 김범수-01-사랑의 시작은 고백에서부터.mp3,
2179.1323486872175,726291.9428875966,2280.687708969677,298694.260929731,4534.6219994590065,2699093.264484599,0.09596687855597161,0.003977490174283693,[95.703125],-52.09575,13594.572,92.59477,1305.3762,-9.946144,554.7167,17.244284,345.30347,-7.1287923,296.0028,2.3638878,230.07523,-6.5734124,188.51193,-6.590811,176.97833,-6.501485,155.57085,-4.900691,134.53157,-12.454517,139.20808,-0.6851268,152.25146,-10.485043,102.32401,-7.4973702,96.42062,-5.1098228,94.793236,-1.8049709,82.010635,-9.675259,79.62597,0.5045686,71.97071,-5.3185625,61.17939,"032. 디핵 (D-Hack), PATEKO (파테코) - OHAYO MY NIGHT.mp3",
1952.1602482994588,804523.0745371819,2283.636481687203,558080.1663691921,4318.442112658063,5111944.237066251,0.07620959359614934,0.0022912913084722026,[89.10290948],-86.53472,8682.083,108.51626,1745.734,13.188053,840.6702,16.930676,667.80133,5.8696012,306.0943,11.104923,205.07486,-4.6970167,161.36192,0.888215,181.89806,-5.57497,165.67126,0.88235384,131.08661,-1.9993789,105.61649,-0.8888157,89.834595,-3.9462068,79.01899,-0.5253233,83.53554,-1.9332314,75.078575,-1.6666985,75.72366,-5.41881,62.395878,0.09484002,87.38976,-5.1628547,94.04875,033 Justin Bieber - Peaches (Feat. Daniel Caesar & Giveon).mp3,
2476.587820648974,661207.4756621756,2622.136473314523,229021.02963012762,5511.011907485358,3481710.213906109,0.1106260389976818,0.0035069124405558024,[172.265625],-6.84616,6893.213,88.07414,1118.8829,0.39540535,286.62268,18.22504,188.63443,11.459221,104.26635,7.0988965,98.67053,2.2061555,87.024315,6.012772,80.43878,1.196211,71.258354,8.368008,99.82016,-5.6719317,59.920643,-1.9701649,77.58256,-4.394951,65.142586,3.8554356,78.94507,-0.8008355,81.43465,4.624982,77.08024,1.6814536,99.80591,1.7451851,106.35611,-3.4253356,86.600266,033-거미-내 생각날 거야 (Narr. 이시영).mp3,
2162.81342993027,976194.6929151512,2347.0134392689115,384868.3789831961,4591.819471723578,4699583.063677826,0.0977452814539615,0.005058015538922977,[123.046875],-130.14693,14447.447,99.79418,1459.7341,5.4251776,488.09674,18.607733,220.71898,8.239558,144.75581,7.005782,104.59109,-0.8839127,96.5354,0.17827027,106.049904,-10.53021,122.91107,2.3244176,134.80878,-9.804731,84.9112,-0.95121115,65.33468,-5.224425,89.55839,-0.6442178,99.619255,-2.8271956,80.57889,-1.4082797,100.35376,-1.7344613,102.022865,1.4858531,116.77571,-6.813276,95.39754,033-거미-친구라도 될 걸 그랬어.mp3,
2778.2360649920306,779896.2482252951,2867.9133933856033,153100.09464616748,6279.028213444957,2623939.709269074,0.10871249018197543,0.005551933108248331,[112.34714674],-43.6051,12425.938,64.15302,909.8238,10.868919,473.6213,20.591896,373.14658,8.071251,210.33318,11.076286,216.56714,3.5514107,157.62639,9.573996,130.9439,3.7374518,117.71947,8.766824,112.24719,0.29464722,89.549774,4.045148,79.26007,0.107136644,79.255646,4.784107,75.93996,2.067692,81.29076,4.24116,87.90184,-0.87245977,83.874794,5.526927,95.16484,0.059449792,90.329094,033. 방탄소년단 - Butter.mp3,
2195.289619893617,620324.4983670868,2390.2680065560567,445346.909355473,4566.648261589108,3761605.532216787,0.09828859042401007,0.002090779380151144,[92.28515625],-89.49016,11924.807,97.73895,876.7233,-7.2302523,376.8084,12.901683,334.34152,6.101401,149.86743,-7.8916245,190.54584,6.073498,149.07828,-7.9435787,171.50491,-2.6837456,122.1274,0.52450746,157.78128,-12.383318,147.56259,-2.027651,122.908775,-4.9892898,125.41394,0.2195029,121.29828,-2.6109314,122.966866,1.9344444,100.20324,-5.1576147,122.00289,-0.8640847,121.192535,-1.9239701,113.27254,034 다비치 - 그냥 안아달란 말야.mp3,
2825.3094811915407,780645.4672471038,2849.8377698816043,231056.1679325533,6273.816656969008,3160004.9920392036,0.10999530457176601,0.004676209945862188,[112.34714674],-31.806011,8917.7,66.99713,968.4635,8.644084,658.99194,22.831982,286.7087,14.661103,175.79427,8.811131,208.7843,4.108284,143.99515,8.735936,122.849205,0.08450639,102.250084,6.048941,95.66624,1.7683992,91.13459,3.0598927,79.65747,-0.38975498,79.191574,4.6062694,63.282303,-0.47833797,71.01131,1.0363693,71.0213,-1.6701199,77.65313,2.0509262,75.423225,-4.1041574,71.61216,034. 방탄소년단 - Dynamite.mp3,
1661.1297969432478,643057.1481487488,1975.7727266413324,434839.8372708308,3465.964553108119,3428691.1677305005,0.06230821393554832,0.001855295458737593,[103.359375],-110.19389,10290.693,114.13668,1216.9171,2.4477308,830.5745,20.660433,501.12076,-5.368116,325.2136,3.6547856,248.7086,0.45190808,188.64256,0.5903697,213.99745,-10.179774,166.7127,10.211334,249.77228,-3.3602338,107.49961,-0.66584164,118.94419,0.47121987,139.5157,0.56709725,112.692154,-2.1306462,112.67304,1.3801266,100.639984,-3.8124592,102.426926,-3.7964025,85.16634,-4.848599,77.89139,035 BE'O (비오) - 문득.mp3,
2940.246042361887,850624.9241998706,2864.334113338681,336197.1647996573,6460.5690541286185,3701111.1267045825,0.12919092038622815,0.004337857924229253,[117.45383523],-24.989521,7095.747,68.71759,1040.1947,9.914652,403.40097,18.35437,304.4669,6.1454577,180.67154,2.8556066,152.4416,2.952008,152.09839,3.165737,134.64146,-1.0753146,117.4573,3.494807,87.9247,-1.0157282,80.23987,2.2260501,79.56219,-2.7308757,75.22135,-0.50136733,73.07551,-4.018005,76.28337,-1.2967447,77.72913,-5.016867,75.64495,1.9239877,72.741035,-2.830497,69.86965,035. 방탄소년단 - 작은 것들을 위한 시 (Boy with Luv) feat. Halsey.mp3,
2947.343211121851,539503.9484723698,2673.0651001874758,140856.81635504324,6104.1952264634465,1882377.1661831487,0.14239689794308083,0.003632493534823231,[117.45383523],-11.057285,7749.902,62.671246,850.8839,-12.292984,430.98337,13.182418,292.8829,-0.35963646,151.0906,10.657396,201.60143,-3.905815,122.5669,3.3305926,128.50566,-1.9931004,124.39778,2.300273,129.65968,-5.5254846,105.62935,-0.76949227,106.952515,-3.186479,123.04095,1.4767191,107.93749,-4.4671273,111.35516,1.4426631,111.3759,-2.536181,110.621086,4.058155,131.33809,-1.1272138,95.4424,035. 아이유 - 라일락.mp3,
2410.6163502714526,994307.5731267027,2628.9333055771403,229995.66568907417,5355.654494130615,3836730.3623336796,0.0884078567009597,0.0046579587189684996,[123.046875],-58.13859,8254.97,81.30409,1315.015,11.246498,647.9745,18.963007,332.103,5.7204924,193.06485,9.870543,192.14465,-0.7578659,165.6329,3.4746487,150.8314,-5.289521,111.93755,3.5036044,119.8758,-2.0779622,101.42498,2.3795686,102.99441,-2.5447118,85.14529,4.0277066,105.115814,-3.338051,103.1914,0.26052117,108.83498,-2.5337522,84.83021,1.4232885,83.55831,-2.737067,109.465935,036 Ed Sheeran - Bad Habits.mp3,
1486.7716350158296,724930.1055970393,2012.4215710726248,567386.0801806636,3149.433772453579,4938067.845593018,0.0585035381397397,0.0016303798105669353,[112.34714674],-125.90345,12711.283,132.76614,1854.0117,15.7843895,458.96643,12.426447,311.32614,15.33599,250.62685,9.486783,153.558,-0.05931167,147.28203,6.4533553,161.0779,-4.648546,174.12186,4.9424834,131.66536,-3.1230965,117.85491,1.9008323,94.89934,-5.6720223,139.30978,0.92600465,94.776505,-3.019354,85.105156,0.6583309,64.75395,-2.955966,83.531044,4.389045,88.04276,-3.3377934,121.11535,036. 10cm - 서랍.mp3,
1853.6141700262156,918543.569322666,2275.3855748357105,465343.90187730535,3904.4167546189556,4640208.480665907,0.0678519995568849,0.002993775354213162,[123.046875],-99.39233,9893.194,115.98449,1942.221,8.591914,585.67596,17.078728,397.78442,2.7107387,249.2793,6.219845,274.91324,8.587483,177.86032,-11.3526535,301.0488,9.759788,164.68932,-1.9826505,125.73862,-6.1202135,143.69254,-2.096322,97.62903,-4.762578,97.09166,-1.9169884,64.78484,-7.3995523,93.638596,-2.9572356,63.76615,-7.4555025,92.600365,-2.6031718,84.19836,-3.835312,104.21361,037. 비비 (BIBI) - 우리가 헤어져야 했던 이유.mp3,
1582.421133064909,559563.871399731,2157.734114668957,356307.2092823856,3467.9718383001996,3597998.992957161,0.05131760479032341,0.0013566785596740908,[135.99917763],-143.3304,10027.062,116.22994,1196.6104,19.830868,485.57123,28.067661,238.76266,5.808822,220.10199,10.310346,162.97224,-1.4360019,143.73543,2.019239,102.36948,-2.8760562,73.93364,0.43464383,89.620224,-0.71004057,102.55277,-1.9433012,71.86477,-2.2589,63.262466,-0.38640922,71.77591,-3.2808053,84.195915,1.5642927,93.068596,-6.0521283,175.48166,-0.71127266,86.35793,-4.631571,83.830315,038 적재 - 나랑 같이 걸을래 (바른연애 길잡이 X 적재).mp3,
2624.8151247815244,880364.9874421546,2873.8146225714154,215928.2115818674,6033.64432951768,3605765.807333404,0.09266876396428143,0.003510018740365754,[112.34714674],-61.9716,7386.692,77.21477,1119.0638,20.923594,473.14114,19.080463,282.30804,2.805461,171.33437,9.5765295,186.37596,6.6029854,140.7652,3.4981534,148.69696,5.694416,105.53446,1.6486598,102.894806,-3.710329,94.620094,-3.0544698,111.28373,-3.6833582,89.03895,-0.964436,105.8896,0.18560426,126.57706,1.260827,122.831406,-5.3308387,119.93659,-0.46419507,117.07672,-3.9880314,117.538895,038 헤이즈 (Heize) - 헤픈 우연.mp3,
1661.114101893992,642933.5988246937,1975.7926428435576,434774.42775209877,3465.8052131412333,3427900.576302723,0.06230250515668936,0.001851134407674592,[103.359375],-110.19223,10290.878,114.13554,1216.9445,2.4466732,830.6417,20.658255,501.15527,-5.363851,325.25824,3.653989,248.64465,0.4505846,188.66353,0.58562523,214.00485,-10.174985,166.70891,10.20894,249.75787,-3.358656,107.54564,-0.6658221,118.91556,0.47280362,139.48637,0.5655856,112.68834,-2.1275232,112.69317,1.378372,100.664215,-3.8133163,102.46114,-3.797331,85.17789,-4.851739,77.92108,038. BE'O (비오) - 문득.mp3,
2295.0996956331314,1127580.916532091,2476.3259619055,353106.81680891704,4984.178627875995,4185949.9038779424,0.08650274127374209,0.006017086224531909,[172.265625],-57.37544,9804.302,90.43502,1762.2694,12.5007715,457.89862,24.154047,313.5187,10.170804,266.4427,12.641578,172.07777,-0.2942404,138.99309,7.8069515,132.00674,-8.000347,141.49924,6.888766,94.73505,-0.15620281,94.06027,2.5841668,82.63048,-1.3643848,62.747917,1.1550269,73.8127,-0.7710802,66.887794,0.9700562,66.25943,-5.078725,66.78458,1.5328473,56.017635,-3.978878,63.3502,"039 조광일,개코,저스디스 (JUSTHIS) - 가시 (Prod. 코드 쿤스트).mp3",
3203.3307591040248,1151734.2940484835,2973.692336192053,222516.77123057534,6985.28211779788,3360443.7251541,0.13628977909418785,0.008412289770578061,[99.38401442],-31.59351,7493.364,60.064716,1640.7944,6.2410035,780.4001,8.581229,502.59985,3.9453714,247.61427,6.7236176,365.15677,-0.51362,138.44737,-1.4595602,227.90892,0.2522728,127.67696,1.753197,138.76631,-9.226344,166.67062,-1.4154246,116.90403,-6.524225,126.4314,4.278541,159.55081,-6.37482,157.5175,2.0148022,105.49851,-5.6918907,167.96915,-1.3753653,106.84083,-3.6195045,79.71801,039. 아이유 - Celebrity.mp3,
2088.081489106761,657730.699233524,2316.364142502647,209624.59154570414,4191.948221353909,2776937.6649383483,0.0947906621322435,0.00407194999745238,[117.45383523],-89.64286,12134.1,96.11919,1060.4346,-2.4264052,700.3532,21.384396,340.17828,10.118102,194.77405,1.0040865,150.63815,-5.4169054,109.402985,1.2096003,103.4567,-2.042507,104.77487,-3.9870274,114.67527,-0.36062863,111.326355,-3.853261,123.07861,-6.010074,81.08032,-5.04527,92.05776,-4.1828933,63.962498,1.9674609,87.63713,-7.5075226,111.97136,-1.7398175,81.71957,-3.5425458,88.325836,040 멜로망스 - 고백.mp3,
1734.3374648411525,446634.175621395,2138.164889417768,241806.87831335014,3557.9242445862233,2827372.473544275,0.07405878887263516,0.00138913175394719,[123.046875],-78.68291,8377.81,119.6988,952.88,3.8222997,422.2361,20.000135,251.59683,4.7378826,189.4245,7.122862,120.622665,-4.5622215,119.56816,5.3771477,105.77297,-8.24173,81.352036,2.3800309,97.53772,-3.2603679,86.61308,-3.640093,96.47118,-2.6108534,74.157,-1.1687305,80.17926,-4.0263376,81.02145,0.839351,92.14043,-4.247114,72.53873,-1.2746795,105.39438,-2.6059346,92.61484,040-김범수-그댄 행복에 살텐데.mp3,
2705.5046563323303,782930.0904470786,2731.1191626655173,230585.63549576196,6002.150138037082,3266983.636990451,0.11848062827921158,0.004578588332437997,[89.10290948],-31.683529,9906.038,79.26409,927.034,7.569074,328.61615,15.213303,224.92633,1.2426633,153.08162,1.6296717,160.94124,-1.1569333,110.088234,1.4204476,92.471504,-9.339806,116.62424,4.4706283,117.40705,-7.741857,95.47033,0.4311479,66.64187,-7.213894,70.25378,-1.817719,70.313286,-6.8354735,71.64949,-2.8591433,68.85537,-6.010218,73.11175,-1.0220746,80.903915,-3.8761473,84.45826,040-휘성&거미-Special Love.mp3,
2566.471196307806,747775.6555950652,2699.1330089902376,222134.9718994485,5632.912078617126,3310737.8369298163,0.09798366268669541,0.0039456521356708235,[107.66601562],-40.128647,11332.609,78.67883,1169.8203,1.290834,649.9584,17.739178,339.539,10.858789,188.86612,3.109594,182.28047,2.1962614,89.681046,9.207189,82.95341,2.2340894,105.94168,14.09375,91.32606,1.3382821,72.66442,4.9728518,83.70072,3.8072274,60.180687,2.8776133,51.992023,-0.4807817,46.674393,1.0027671,50.63385,-2.0347142,53.25365,4.8472853,63.417156,-2.331394,60.264835,040. Conan Gray-01-Maniac.mp3,
2857.7916091295515,984174.2716770023,2914.0800373489606,214026.93012852114,6479.908269123654,3149122.2085901606,0.10962708826510088,0.006979201881719534,[123.046875],-38.492386,6933.5005,70.04088,1104.846,13.310043,385.93713,18.922798,323.49924,11.131808,207.2615,6.435383,178.22519,0.030194625,141.18956,9.484676,118.71987,-0.8800731,99.31726,8.14987,96.283905,-1.7494106,80.88404,2.1064956,68.13046,-1.3796784,68.886406,0.9523314,58.53607,-0.8461745,62.72716,1.0450763,71.83453,-0.12452719,82.57501,3.851168,96.23481,-1.432267,86.63796,040. 방탄소년단 - Permission to Dance.mp3,
2342.972571550874,1189795.8913459596,2695.5110008618512,607123.0106161443,5582.824437134792,6873692.755281797,0.08715461184967511,0.004440285878529007,[135.99917763],-94.39781,13735.068,97.41036,1195.8792,28.333557,313.061,5.3726263,209.91197,6.9292946,217.75684,9.437504,102.58589,-1.391644,104.701065,3.8672256,86.43396,0.5112159,86.59313,10.107776,95.87087,4.285124,72.730156,4.2581396,87.92079,-3.6510806,68.58646,1.7395813,66.898994,-4.001038,63.527603,-0.68112534,74.16382,-3.4755003,67.39576,1.9762627,85.933975,-1.4296876,94.61401,041. 먼데이 키즈 (Monday Kiz) - 흰눈.mp3,
2147.1591059132616,953051.3105572166,2315.104375472456,291586.9652453776,4572.039619734859,3814764.148020438,0.09243768574495312,0.005763937472520991,[95.703125],-97.26246,14286.198,94.20859,1394.384,0.26542553,380.4503,20.820705,302.39233,3.423348,252.56544,3.3627293,119.49267,-3.0146396,152.53317,5.06255,129.19424,-13.576363,133.89615,-1.0193545,105.98371,-5.1650352,97.87161,-4.591345,105.41358,-3.2230515,89.81692,-2.8358147,101.10654,-7.2501345,116.12245,1.4243209,70.53632,-8.890314,89.85992,-4.4641867,90.052765,-3.632954,98.74338,041. 임영웅-01-이제 나만 믿어요.mp3,
